"Symbol","Name","LastSale","MarketCap","ADR TSO","IPOyear","Sector","industry","Summary Quote",
"FAX","Aberdeen Asia-Pacific Income Fund Inc","7.81","2071216037.77","n/a","1986","n/a","n/a","http://www.nasdaq.com/symbol/fax",
"IAF","Aberdeen Australia Equity Fund Inc","11.21","253055873.99","n/a","1985","n/a","n/a","http://www.nasdaq.com/symbol/iaf",
"CH","Aberdeen Chile Fund, Inc.","15.85","148775977.45","n/a","n/a","n/a","n/a","http://www.nasdaq.com/symbol/ch",
"ETF","Aberdeen Emerging Markets Telecommunications and Infrastructur","21.25","175241631.25","n/a","1992","n/a","n/a","http://www.nasdaq.com/symbol/etf",
"FCO","Aberdeen Global Income Fund, Inc.","13.96","129651992.32","n/a","1992","n/a","n/a","http://www.nasdaq.com/symbol/fco",
"IF","Aberdeen Indonesia Fund, Inc.","12.28","116478833.16","n/a","1990","n/a","n/a","http://www.nasdaq.com/symbol/if",
"ISL","Aberdeen Israel Fund, Inc.","14.02","59755903.8","n/a","1992","n/a","n/a","http://www.nasdaq.com/symbol/isl",
"ACU","Acme United Corporation.","12.15","37825708.05","n/a","1988","Capital Goods","Industrial Machinery/Components","http://www.nasdaq.com/symbol/acu",
"AQ            ","Acquity Group Limited","6.28","147683054.8","n/a","n/a","Miscellaneous","Business Services","http://www.nasdaq.com/symbol/aq            ",
"AE","Adams Resources & Energy, Inc.","37.6","158581609.6","n/a","n/a","Energy","Oil Refining/Marketing","http://www.nasdaq.com/symbol/ae",
"ADK","Adcare Health Systems Inc","4.37","64057037.57","n/a","n/a","Health Care","Hospital/Nursing Management","http://www.nasdaq.com/symbol/adk",
"ADK^A","Adcare Health Systems Inc","27.5","0","n/a","n/a","n/a","n/a","http://www.nasdaq.com/symbol/adk^a",
"API","Advanced Photonix, Inc.","0.422","13150004.034","n/a","n/a","Technology","Semiconductors","http://www.nasdaq.com/symbol/api",
"ANX","ADVENTRX Pharmaceuticals, Inc.","0.662","31590219.63","n/a","n/a","Consumer Durables","Major Pharmaceuticals","http://www.nasdaq.com/symbol/anx",
"ACY","AeroCentury Corp.","16.88","26050178.16","n/a","n/a","Technology","Diversified Commercial Services","http://www.nasdaq.com/symbol/acy",
"AIM","Aerosonic Corporation","4.08","15714058.8","n/a","n/a","Capital Goods","Industrial Machinery/Components","http://www.nasdaq.com/symbol/aim",
"AA^","Alcoa Inc.","88","0","n/a","n/a","Capital Goods","Metal Fabrications","http://www.nasdaq.com/symbol/aa^",
"AXX","Alderon Iron Ore Corp.","1.3999","182188819.3833","n/a","n/a","Basic Industries","Precious Metals","http://www.nasdaq.com/symbol/axx",
"AXU","Alexco Resource Corp","3.89","235126763.22","n/a","n/a","Basic Industries","Precious Metals","http://www.nasdaq.com/symbol/axu",
"ANV","Allied Nevada Gold Corp.","19.43","1743611516.16","n/a","n/a","Basic Industries","Precious Metals","http://www.nasdaq.com/symbol/anv",
"AAU","Almaden Minerals, Ltd.","2.12","126611320.52","n/a","n/a","Basic Industries","Precious Metals","http://www.nasdaq.com/symbol/aau",
"APT","Alpha Pro Tech, Ltd.","1.63","33521259.7","n/a","n/a","Health Care","Industrial Specialties","http://www.nasdaq.com/symbol/apt",
"ALTV","Alteva (D/B/A)","11.27","65280393.08","n/a","n/a","Public Utilities","Telecommunications Equipment","http://www.nasdaq.com/symbol/altv",
"DIT","AMCON Distributing Company","76.47","47649604.05","n/a","n/a","Consumer Non-Durables","Food Distributors","http://www.nasdaq.com/symbol/dit",
"APP","American Apparel Inc","1.295","137838898.68","n/a","1994","Finance","Business Services","http://www.nasdaq.com/symbol/app",
"ADGE","American DG Energy Inc.","2.2","105970612","n/a","n/a","Energy","Electric Utilities: Central","http://www.nasdaq.com/symbol/adge",
"ALN","American Lorain Corporation","1.37","47424898.18","n/a","n/a","Consumer Non-Durables","Packaged Foods","http://www.nasdaq.com/symbol/aln",
"AMS","American Shared Hospital Services","2.11","9718385.7","n/a","n/a","Health Care","Medical Specialities","http://www.nasdaq.com/symbol/ams",
"AQQ","American Spectrum Realty, Inc.","2.0914","7455378.8006","n/a","n/a","Consumer Services","Real Estate Investment Trusts","http://www.nasdaq.com/symbol/aqq",
"AXN","Aoxing Pharmaceutical Company, Inc.","0.23","11457409.06","n/a","n/a","Consumer Durables","Major Pharmaceuticals","http://www.nasdaq.com/symbol/axn",
"AGX","Argan, Inc.","17.97","250454449.05","n/a","n/a","Basic Industries","Engineering & Construction","http://www.nasdaq.com/symbol/agx",
"ARR/WS","ARMOUR Residential REIT, Inc.","0.0348","0","n/a","n/a","n/a","n/a","http://www.nasdaq.com/symbol/arr/ws",
"HRT","Arrhythmia Research Technology Inc.","2.56","7143715.84","n/a","n/a","Health Care","Biotechnology: Electromedical & Electrotherapeutic Apparatus","http://www.nasdaq.com/symbol/hrt",
"ATL","Atlatsa Resources Corporation","0.19","38358809.87","n/a","1986","Basic Industries","Precious Metals","http://www.nasdaq.com/symbol/atl",
"AZC","Augusta Resource Corporation","2.53","364627971.84","n/a","n/a","Basic Industries","Precious Metals","http://www.nasdaq.com/symbol/azc",
"AZK","Aurizon Mines, Ltd.","4.22","694455129.94","n/a","n/a","Basic Industries","Precious Metals","http://www.nasdaq.com/symbol/azk",
"AWX","Avalon Holdings Corporation","3.89","14794957.59","n/a","n/a","Public Utilities","Environmental Services","http://www.nasdaq.com/symbol/awx",
"AVL","Avalon Rare Metals, Inc.","1.2","124346383.2","n/a","1980","Basic Industries","Precious Metals","http://www.nasdaq.com/symbol/avl",
"ASM","Avino Silver","1.49","40449649.84","n/a","1992","Basic Industries","Precious Metals","http://www.nasdaq.com/symbol/asm",
"BONE","Bacterin International Holdings, Inc.","0.99","42174835.56","n/a","n/a","Health Care","Biotechnology: Biological Products (No Diagnostic Substances)","http://www.nasdaq.com/symbol/bone",
"BTN","Ballantyne Strong, Inc","3.61","50714626.53","n/a","1995","Miscellaneous","Industrial Machinery/Components","http://www.nasdaq.com/symbol/btn",
"BKJ","Bancorp of New Jersey, Inc","12.73","66284244.36","n/a","n/a","Finance","Major Banks","http://www.nasdaq.com/symbol/bkj",
"BCV","Bancroft Fund Limited","17.16","91666180.32","n/a","n/a","n/a","n/a","http://www.nasdaq.com/symbol/bcv",
"BAA","BANRO CORPORATION","2.51","506723915.38","n/a","n/a","Basic Industries","Precious Metals","http://www.nasdaq.com/symbol/baa",
"BHB","Bar Harbor Bankshares, Inc.","35.69","139955729.63","n/a","n/a","Finance","Major Banks","http://www.nasdaq.com/symbol/bhb",
"BRN","Barnwell Industries, Inc.","3.3","27314628","n/a","n/a","Energy","Oil & Gas Production","http://www.nasdaq.com/symbol/brn",
"BXE","Bellatrix Exploration Ltd","5.6","604065134.4","n/a","n/a","Energy","Oil & Gas Production","http://www.nasdaq.com/symbol/bxe",
"BIR^A","Berkshire Income Realty, Inc.","27.11","0","n/a","n/a","n/a","n/a","http://www.nasdaq.com/symbol/bir^a",
"BTX","BioTime, Inc.","4.34","220883084.8","n/a","n/a","Health Care","Biotechnology: Biological Products (No Diagnostic Substances)","http://www.nasdaq.com/symbol/btx",
"BMJ","Birks & Mayors Inc.","0.9","13350249.9","n/a","n/a","Consumer Services","Consumer Specialties","http://www.nasdaq.com/symbol/bmj",
"BZM","BlackRock Maryland Municipal Bond Trust","17.65","36566969.95","n/a","2002","n/a","n/a","http://www.nasdaq.com/symbol/bzm",
"BLE","BlackRock Municipal Income Trust II","16.55","387301196.75","n/a","1992","n/a","n/a","http://www.nasdaq.com/symbol/ble",
"BLJ","Blackrock New Jersey Municipal Bond Trust","17.3","40182450.5","n/a","2002","n/a","n/a","http://www.nasdaq.com/symbol/blj",
"BFY","BlackRock New York Municipal Income Trust II","16.99","84705293.03","n/a","2002","n/a","n/a","http://www.nasdaq.com/symbol/bfy",
"BPS","BlackRock Pennsylvania Strategic Municipal Trust (The)","15.71","31900568.9","n/a","1994","n/a","n/a","http://www.nasdaq.com/symbol/bps",
"BHV","BlackRock Virginia Municipal Bond Trust","20.7","32734462.5","n/a","2002","n/a","n/a","http://www.nasdaq.com/symbol/bhv",
"BDR","Blonder Tongue Laboratories, Inc.","1.319","8198318.364","n/a","1995","Technology","Radio And Television Broadcasting And Communications Equipment","http://www.nasdaq.com/symbol/bdr",
"BVX","Bovie Medical Corporation","2.85","50672891.7","n/a","n/a","Health Care","Medical/Dental Instruments","http://www.nasdaq.com/symbol/bvx",
"BWL/A","Bowl America, Inc.","12.07","0","n/a","n/a","Consumer Services","Services-Misc. Amusement & Recreation","http://www.nasdaq.com/symbol/bwl/a",
"BZC","Breeze-Eastern Corporation","8.15","77608586.9","n/a","n/a","Capital Goods","Military/Government/Technical","http://www.nasdaq.com/symbol/bzc",
"BRD","Brigus Gold Corp","0.7761","179558454.8667","n/a","n/a","Basic Industries","Precious Metals","http://www.nasdaq.com/symbol/brd",
"BTI","British American Tobacco p.l.c.","105.98","103230095819.76","n/a","n/a","Consumer Non-Durables","Farming/Seeds/Milling","http://www.nasdaq.com/symbol/bti",
"CAK","CAMAC Energy Inc.","0.63","98220555.09","n/a","n/a","Energy","Oil & Gas Production","http://www.nasdaq.com/symbol/cak",
"CDY","Cardero Resource Corporation","0.325","34977815.6","n/a","n/a","Basic Industries","Precious Metals","http://www.nasdaq.com/symbol/cdy",
"CXM","Cardium Therapeutics, Inc.","0.172","22225385.232","n/a","n/a","Health Care","Biotechnology: Biological Products (No Diagnostic Substances)","http://www.nasdaq.com/symbol/cxm",
"ROX","Castle Brands, Inc.","0.2672","29012321.0912","n/a","2006","Consumer Non-Durables","Beverages (Production/Distribution)","http://www.nasdaq.com/symbol/rox",
"CAW","CCA Industries, Inc.","4.3","30334100.6","n/a","n/a","Consumer Non-Durables","Package Goods/Cosmetics","http://www.nasdaq.com/symbol/caw",
"CVM","Cel-Sci Corporation","0.262","80947622.18","n/a","n/a","Health Care","Biotechnology: Biological Products (No Diagnostic Substances)","http://www.nasdaq.com/symbol/cvm",
"CEF","Central Fund of Canada Limited","19.65","4999602810.45","n/a","n/a","n/a","n/a","http://www.nasdaq.com/symbol/cef",
"GTU","Central Gold Trust","59.19","1142307810","n/a","n/a","n/a","n/a","http://www.nasdaq.com/symbol/gtu",
"CET","Central Securities Corporation","20.482","469245405.552","n/a","n/a","n/a","n/a","http://www.nasdaq.com/symbol/cet",
"CCF","Chase Corporation","19.06","172795158.18","n/a","n/a","Consumer Durables","Building Products","http://www.nasdaq.com/symbol/ccf",
"CQP","Cheniere Energy Partners, LP","22.62","6217611901.02","n/a","2007","Public Utilities","Oil/Gas Transmission","http://www.nasdaq.com/symbol/cqp",
"LNG","Cheniere Energy, Inc.","20.99","4687953911.46","n/a","n/a","Public Utilities","Oil/Gas Transmission","http://www.nasdaq.com/symbol/lng",
"CVR","Chicago Rivet & Machine Co.","21.42","20694547.44","n/a","n/a","Technology","Industrial Machinery/Components","http://www.nasdaq.com/symbol/cvr",
"CNAM","China Armco Metals, Inc.","0.3801","8926377.8688","n/a","n/a","Consumer Durables","Steel/Iron Ore","http://www.nasdaq.com/symbol/cnam",
"CBP","China Botanic Pharmaceutical Inc.","0.55","20481744.8","n/a","n/a","Consumer Durables","Major Pharmaceuticals","http://www.nasdaq.com/symbol/cbp",
"CHGS","China GengSheng Minerals, Inc.","0.2792","7483409.8848","n/a","n/a","Consumer Durables","Miscellaneous manufacturing industries","http://www.nasdaq.com/symbol/chgs",
"CMFO","China Marine Food Group Limited","0.76","22589461.76","n/a","n/a","Consumer Non-Durables","Packaged Foods","http://www.nasdaq.com/symbol/cmfo",
"CNR","China Metro-Rural Holdings Limited","1.26","92665165.32","n/a","n/a","Finance","Real Estate","http://www.nasdaq.com/symbol/cnr",
"CPHI","China Pharma Holdings, Inc.","0.29","12638071.53","n/a","n/a","Consumer Durables","Major Pharmaceuticals","http://www.nasdaq.com/symbol/cphi",
"SHZ","China Shen Zhou Mining & Resources, Inc.","0.3455","17132225.2345","n/a","n/a","Basic Industries","Precious Metals","http://www.nasdaq.com/symbol/shz",
"CRC","Chromcraft Revington, Inc.","0.7061","4582808.5971","n/a","1992","Consumer Durables","Home Furnishings","http://www.nasdaq.com/symbol/crc",
"MBA","CIBT Education Group Inc.","0.1502","10511348.0688","n/a","1992","Consumer Services","Other Consumer Services","http://www.nasdaq.com/symbol/mba",
"CKX","CKX Lands, Inc.","15.72","30536021.4","n/a","n/a","Energy","Oil & Gas Production","http://www.nasdaq.com/symbol/ckx",
"CGR","Claude Resources, Inc.","0.43","74710592.52","n/a","n/a","Basic Industries","Precious Metals","http://www.nasdaq.com/symbol/cgr",
"GLV","Clough Global Allocation Fund","14.6399","152761588.3794","n/a","2004","n/a","n/a","http://www.nasdaq.com/symbol/glv",
"GLQ","Clough Global Equity Fund","13.92","248342613.6","n/a","2005","n/a","n/a","http://www.nasdaq.com/symbol/glq",
"GLO","Clough Global Opportunities Fund","12.34","638432840.06","n/a","1988","n/a","n/a","http://www.nasdaq.com/symbol/glo",
"CRV","Coast Distribution System, Inc. (The)","2.43","11974872.33","n/a","n/a","Capital Goods","Automotive Aftermarket","http://www.nasdaq.com/symbol/crv",
"MOC","Command Security Corporation","2","17978596","n/a","n/a","Consumer Services","Diversified Commercial Services","http://www.nasdaq.com/symbol/moc",
"BTC","Community Bankers Trust Corporation.","3.35","72550785.85","n/a","n/a","Finance","Major Banks","http://www.nasdaq.com/symbol/btc",
"CIX","CompX International Inc.","14.43","178818104.01","n/a","1998","Capital Goods","Industrial Machinery/Components","http://www.nasdaq.com/symbol/cix",
"LODE","Comstock Mining, Inc.","1.89","91601244.63","n/a","n/a","Basic Industries","Precious Metals","http://www.nasdaq.com/symbol/lode",
"CTO","Consolidated-Tomoka Land Co.","35.38","206843579.96","n/a","n/a","Finance","Real Estate","http://www.nasdaq.com/symbol/cto",
"CEP","Constellation Energy Partners, LLC","1.67","39560743.56","n/a","n/a","Energy","Oil & Gas Production","http://www.nasdaq.com/symbol/cep",
"MCF","Contango Oil & Gas Company","41.7","633629498.4","n/a","1990","Energy","Oil & Gas Production","http://www.nasdaq.com/symbol/mcf",
"CUO","Continental Materials Corporation","17.01","27799068.78","n/a","n/a","Capital Goods","Building Materials","http://www.nasdaq.com/symbol/cuo",
"CMT","Core Molding Technologies Inc","6.92","50343110.72","n/a","1992","Consumer Non-Durables","Plastic Products","http://www.nasdaq.com/symbol/cmt",
"CRMD","CorMedix Inc","0.9499","10836719.4726","n/a","n/a","Consumer Durables","Major Pharmaceuticals","http://www.nasdaq.com/symbol/crmd",
"CRMD/WS","CorMedix Inc","0.16","0","n/a","n/a","n/a","n/a","http://www.nasdaq.com/symbol/crmd/ws",
"CFP","Cornerstone Progressive Return Fund","5.57","139330118.88","n/a","n/a","n/a","n/a","http://www.nasdaq.com/symbol/cfp",
"CRF","Cornerstone Strategic Return Fund, Inc. (The)","5.99","60698101.61","n/a","1994","n/a","n/a","http://www.nasdaq.com/symbol/crf",
"CLM","Cornerstone Strategic Value Fund, Inc.","6.75","125593672.5","n/a","1987","n/a","n/a","http://www.nasdaq.com/symbol/clm",
"COVR","Cover-All Technologies Inc.","1.18","30541621.4","n/a","n/a","Technology","Computer Software: Prepackaged Software","http://www.nasdaq.com/symbol/covr",
"CVU","CPI Aerostructures, Inc.","9.65","80610975.85","n/a","n/a","Capital Goods","Military/Government/Technical","http://www.nasdaq.com/symbol/cvu",
"CIK","Credit Suisse Asset Management Income Fund, Inc.","4.11","205872735.9","n/a","n/a","n/a","n/a","http://www.nasdaq.com/symbol/cik",
"DHY","Credit Suisse High Yield Bond Fund","3.28","300382160.56","n/a","1998","n/a","n/a","http://www.nasdaq.com/symbol/dhy",
"EXE","Crexendo, Inc.","2.64","28166690.64","n/a","n/a","Technology","EDP Services","http://www.nasdaq.com/symbol/exe",
"CXZ","Crosshair Energy Corp","0.122","8025425.716","n/a","n/a","Basic Industries","Mining & Quarrying of Nonmetallic Minerals (No Fuels)","http://www.nasdaq.com/symbol/cxz",
"CRVP","Crystal Rock Holdings, Inc.","1.05","22449767.55","n/a","n/a","Consumer Non-Durables","Food Distributors","http://www.nasdaq.com/symbol/crvp",
"CTP","CTPartners Executive Search Inc.","4.28","29889641.08","n/a","2010","Technology","Diversified Commercial Services","http://www.nasdaq.com/symbol/ctp",
"QBC","Cubic Energy Inc","0.22","16987499.76","n/a","n/a","Energy","Oil & Gas Production","http://www.nasdaq.com/symbol/qbc",
"DXR","Daxor Corporation","7.55","31677550.1","n/a","n/a","Health Care","Medical/Dental Instruments","http://www.nasdaq.com/symbol/dxr",
"DEJ","Dejour Energy Inc.","0.1911","28457919.0714","n/a","n/a","Energy","Oil & Gas Production","http://www.nasdaq.com/symbol/dej",
"VCF","Delaware Investments Colorado Municipal Income Fund, Inc","15.44","74684824","n/a","1993","n/a","n/a","http://www.nasdaq.com/symbol/vcf",
"VFL","Delaware Investments Florida Insured Municipal Income Fund","14.73","66703965.39","n/a","1993","n/a","n/a","http://www.nasdaq.com/symbol/vfl",
"VMM","Delaware Investments Minnesota Municipal Income Fund II, Inc.","15.871","182595458.225","n/a","1993","n/a","n/a","http://www.nasdaq.com/symbol/vmm",
"DLA","Delta Apparel, Inc.","17.12","139832907.2","n/a","n/a","Consumer Non-Durables","Apparel","http://www.nasdaq.com/symbol/dla",
"DNN","Denison Mine Corp","1.28","507880184.32","n/a","n/a","Basic Industries","Precious Metals","http://www.nasdaq.com/symbol/dnn",
"DGSE","DGSE Companies, Inc.","6.26","76219155.84","n/a","n/a","Consumer Services","Consumer Specialties","http://www.nasdaq.com/symbol/dgse",
"DPW","Digital Power Corporation","0.69","4735573.5","n/a","n/a","Capital Goods","Industrial Machinery/Components","http://www.nasdaq.com/symbol/dpw",
"DSS","Document Security Systems, Inc.","2.22","48187246.74","n/a","n/a","Technology","EDP Services","http://www.nasdaq.com/symbol/dss",
"DMF","Dreyfus Municipal Income, Inc.","10.76","222492148.84","n/a","1988","n/a","n/a","http://www.nasdaq.com/symbol/dmf",
"GRF","Eagle Capital Growth Fund, Inc.","7.05","22032124.2","n/a","n/a","n/a","n/a","http://www.nasdaq.com/symbol/grf",
"ESTE","Earthstone Energy, Inc.","16.5313","28445606.2856","n/a","n/a","Energy","Oil & Gas Production","http://www.nasdaq.com/symbol/este",
"EVM","Eaton Vance California Municipal Bond Fund","12.75","277391371.5","n/a","2002","n/a","n/a","http://www.nasdaq.com/symbol/evm",
"EIA","Eaton Vance California Municipal Bond Fund II","14.18","55071050.34","n/a","2002","n/a","n/a","http://www.nasdaq.com/symbol/eia",
"CEV","Eaton Vance California Municipal Income Trust","14.65","106323708.15","n/a","1999","n/a","n/a","http://www.nasdaq.com/symbol/cev",
"EVV","Eaton Vance Limited Duration Income Fund","17.26","2026579206.36","n/a","2003","n/a","n/a","http://www.nasdaq.com/symbol/evv",
"MAB","Eaton Vance Massachusetts Municipal Bond Fund","15.53","27454275.66","n/a","2002","n/a","n/a","http://www.nasdaq.com/symbol/mab",
"MMV","Eaton Vance Massachusetts Municipal Income Trust","15.2","41807919.2","n/a","1999","n/a","n/a","http://www.nasdaq.com/symbol/mmv",
"MIW","Eaton Vance Michigan Municipal Bond Fund","14.96","22648258.16","n/a","2002","n/a","n/a","http://www.nasdaq.com/symbol/miw",
"EMI","Eaton Vance Michigan Municipal Income Trust","14.15","29945560.1","n/a","1999","n/a","n/a","http://www.nasdaq.com/symbol/emi",
"EIM","Eaton Vance Municipal Bond Fund","14.05","957413069.95","n/a","2002","n/a","n/a","http://www.nasdaq.com/symbol/eim",
"EIV","Eaton Vance Municipal Bond Fund II","13.54","135499667.94","n/a","2002","n/a","n/a","http://www.nasdaq.com/symbol/eiv",
"EMJ","Eaton Vance New Jersey Municipal Bond Fund","14.71","38329758.74","n/a","2002","n/a","n/a","http://www.nasdaq.com/symbol/emj",
"EVJ","Eaton Vance New Jersey Municipal Income Trust","14.79","69155895.45","n/a","1999","n/a","n/a","http://www.nasdaq.com/symbol/evj",
"ENX","Eaton Vance New York Municipal Bond Fund","14.8","235227840.4","n/a","2002","n/a","n/a","http://www.nasdaq.com/symbol/enx",
"NYH","Eaton Vance New York Municipal Bond Fund II","13.95","35798224.95","n/a","2002","n/a","n/a","http://www.nasdaq.com/symbol/nyh",
"EVY","Eaton Vance New York Municipal Income Trust","15.76","86222077.44","n/a","1999","n/a","n/a","http://www.nasdaq.com/symbol/evy",
"EIO","Eaton Vance Ohio Municipal Bond Fund","14.85","37643324.4","n/a","2002","n/a","n/a","http://www.nasdaq.com/symbol/eio",
"EVO","Eaton Vance Ohio Municipal Income Trust","15.1356","43241712.9624","n/a","1999","n/a","n/a","http://www.nasdaq.com/symbol/evo",
"EIP","Eaton Vance Pennsylvania Municipal Bond Fund","14.32","42367237.92","n/a","2002","n/a","n/a","http://www.nasdaq.com/symbol/eip",
"EVP","Eaton Vance Pennsylvania Municipal Income Trust","14.14","38459640.52","n/a","1999","n/a","n/a","http://www.nasdaq.com/symbol/evp",
"ECBE","ECB Bancorp Inc","14.95","43427372.95","n/a","n/a","Finance","Major Banks","http://www.nasdaq.com/symbol/ecbe",
"ELMD","Electromed, Inc.","1.43","11603380.36","n/a","2010","Health Care","Biotechnology: Electromedical & Electrotherapeutic Apparatus","http://www.nasdaq.com/symbol/elmd",
"ETAK","Elephant Talk Communications Corp.","1.269","145567251.414","n/a","n/a","Public Utilities","Telecommunications Equipment","http://www.nasdaq.com/symbol/etak",
"ELLO","Ellomay Capital Ltd.","6.78","72520717.38","n/a","n/a","Capital Goods","Industrial Machinery/Components","http://www.nasdaq.com/symbol/ello",
"ECF","Ellsworth Convertible Growth and Income Fund, Inc.","7.46","100365176.42","n/a","1986","n/a","n/a","http://www.nasdaq.com/symbol/ecf",
"EMAN","eMagin Corporation","3.2","75758531.2","n/a","n/a","Technology","Semiconductors","http://www.nasdaq.com/symbol/eman",
"EOX","Emerald Oil, Inc.","6.66","159003151.02","n/a","n/a","Energy","Oil & Gas Production","http://www.nasdaq.com/symbol/eox",
"MSN","Emerson Radio Corporation","1.73","46934609.36","n/a","n/a","Consumer Non-Durables","Consumer Electronics/Appliances","http://www.nasdaq.com/symbol/msn",
"EGI","Entree Gold Inc","0.4999","64425733.7757","n/a","n/a","Basic Industries","Precious Metals","http://www.nasdaq.com/symbol/egi",
"EVI","EnviroStarm, Inc.","1.5001","10551301.3732","n/a","n/a","Consumer Services","Other Consumer Services","http://www.nasdaq.com/symbol/evi",
"ERB","ERBA Diagnostics, Inc.","0.77","33616830.17","n/a","1983","Consumer Durables","Major Pharmaceuticals","http://www.nasdaq.com/symbol/erb",
"ESP","Espey Mfg. & Electronics Corp.","26.5158","62167433.2794","n/a","n/a","Capital Goods","Industrial Machinery/Components","http://www.nasdaq.com/symbol/esp",
"ETUA","eUnits 2 Year U.S. Market Participation Trust","10.6","27754923.4","n/a","n/a","n/a","n/a","http://www.nasdaq.com/symbol/etua",
"ETUB","eUnits 2 Year U.S. Market Participation Trust","10.6","0","n/a","n/a","n/a","n/a","http://www.nasdaq.com/symbol/etub",
"EMXX","Eurasian Minerals Inc.","1.91","137977521.4","n/a","n/a","Basic Industries","Precious Metals","http://www.nasdaq.com/symbol/emxx",
"EVBN","Evans Bancorp, Inc.","17.75","73794240.5","n/a","n/a","Finance","Major Banks","http://www.nasdaq.com/symbol/evbn",
"EVK","Ever-Glory International Group, Inc.","1.78","26294640.6","n/a","n/a","Consumer Non-Durables","Apparel","http://www.nasdaq.com/symbol/evk",
"EPM","Evolution Petroleum Corporation, Inc.","10.35","290905338.6","n/a","n/a","Energy","Oil & Gas Production","http://www.nasdaq.com/symbol/epm",
"EPM^A","Evolution Petroleum Corporation, Inc.","27","0","n/a","n/a","n/a","n/a","http://www.nasdaq.com/symbol/epm^a",
"XRA","Exeter Resource Corporation","1.14","100784838.42","n/a","n/a","Basic Industries","Mining & Quarrying of Nonmetallic Minerals (No Fuels)","http://www.nasdaq.com/symbol/xra",
"FU","FAB Universal Corp.","3.15","64476909","n/a","n/a","Technology","Computer Software: Prepackaged Software","http://www.nasdaq.com/symbol/fu",
"FPP","FieldPoint Petroleum Corporation","3.97","31934425.92","n/a","n/a","Energy","Oil & Gas Production","http://www.nasdaq.com/symbol/fpp",
"FPP/WS","FieldPoint Petroleum Corporation","0.76","0","n/a","n/a","n/a","n/a","http://www.nasdaq.com/symbol/fpp/ws",
"MXN","First American Minnesota Municipal Income Fund II, Inc.","17.67","26019181.02","n/a","2002","n/a","n/a","http://www.nasdaq.com/symbol/mxn",
"FEN","First Trust Energy Income and Growth Fund","34.7","573581457.5","n/a","2004","n/a","n/a","http://www.nasdaq.com/symbol/fen",
"FWV","First West Virginia Bancorp, Inc.","16.01","27520005.26","n/a","n/a","Finance","Major Banks","http://www.nasdaq.com/symbol/fwv",
"BDL","Flanigan&#39;s Enterprises, Inc.","7.7496","14409970.4712","n/a","n/a","Consumer Services","Restaurants","http://www.nasdaq.com/symbol/bdl",
"FSI","Flexible Solutions International Inc.","1.25","16462488.75","n/a","1998","Basic Industries","Major Chemicals","http://www.nasdaq.com/symbol/fsi",
"FFI","Fortune Industries, Inc.","0.19","2334585.1","n/a","1983","Consumer Services","Telecommunications Equipment","http://www.nasdaq.com/symbol/ffi",
"FSP","Franklin Street Properties Corp.","13.32","1104726234.6","n/a","n/a","Consumer Services","Real Estate Investment Trusts","http://www.nasdaq.com/symbol/fsp",
"FTF","Franklin Templeton Limited Duration Income Trust","14.97","401354502.36","n/a","2003","n/a","n/a","http://www.nasdaq.com/symbol/ftf",
"FRD","Friedman Industries Inc.","10.99","74725889.56","n/a","1972","Capital Goods","Steel/Iron Ore","http://www.nasdaq.com/symbol/frd",
"FRS","Frisch&#39;s Restaurants, Inc.","19.36","98009128.8","n/a","n/a","Consumer Services","Restaurants","http://www.nasdaq.com/symbol/frs",
"GLU","Gabelli Global Utility","20.88","64474976.16","n/a","2004","n/a","n/a","http://www.nasdaq.com/symbol/glu",
"GGN","GAMCO Global Gold, Natural Reources & Income Trust by Gabelli","12.3","1057175418.3","n/a","2005","n/a","n/a","http://www.nasdaq.com/symbol/ggn",
"GGN^A","GAMCO Global Gold, Natural Reources & Income Trust by Gabelli","25.71","0","n/a","n/a","n/a","n/a","http://www.nasdaq.com/symbol/ggn^a",
"EGAS","Gas Natural Inc.","9.93","83100466.11","n/a","n/a","Public Utilities","Oil/Gas Transmission","http://www.nasdaq.com/symbol/egas",
"GSX","GASCO ENERGY INC","0.0612","10388698.8372","n/a","n/a","Energy","Oil & Gas Production","http://www.nasdaq.com/symbol/gsx",
"GST","Gastar Exploration","1.16","76169153.08","n/a","n/a","Energy","Oil & Gas Production","http://www.nasdaq.com/symbol/gst",
"GST^A","Gastar Exploration","18.72","0","n/a","n/a","n/a","n/a","http://www.nasdaq.com/symbol/gst^a",
"JOB","General Employment Enterprises, Inc.","0.36","7811883","n/a","n/a","Technology","Diversified Commercial Services","http://www.nasdaq.com/symbol/job",
"GMO","General Moly, Inc","3.23","293746691.04","n/a","n/a","Basic Industries","Precious Metals","http://www.nasdaq.com/symbol/gmo",
"GGR","GeoGlobal Resources Inc.","0.033","5021624.454","n/a","n/a","Energy","Oil & Gas Production","http://www.nasdaq.com/symbol/ggr",
"GPR","GeoPetro Resources Co","0.1121","5098095.1221","n/a","n/a","Energy","Oil & Gas Production","http://www.nasdaq.com/symbol/gpr",
"GIG","GigOptix, Inc.","1.15","25536607.9","n/a","n/a","Technology","Semiconductors","http://www.nasdaq.com/symbol/gig",
"GSB","GlobalSCAPE, Inc.","1.6318","30054436.9188","n/a","n/a","Technology","Computer Software: Prepackaged Software","http://www.nasdaq.com/symbol/gsb",
"GLOW","Glowpoint, Inc.","1.73","49815862.08","n/a","n/a","Public Utilities","Telecommunications Equipment","http://www.nasdaq.com/symbol/glow",
"GRZ","Gold Reserve Inc","2.74","197886836.02","n/a","n/a","Basic Industries","Precious Metals","http://www.nasdaq.com/symbol/grz",
"GORO","Gold Resource Corporation","13.07","688519352.83","n/a","n/a","Basic Industries","Precious Metals","http://www.nasdaq.com/symbol/goro",
"GSV","Gold Standard Ventures Corporation","0.9582","80316428.4438","n/a","n/a","Basic Industries","Mining & Quarrying of Nonmetallic Minerals (No Fuels)","http://www.nasdaq.com/symbol/gsv",
"AUMN","Golden Minerals Company","2.9","139861994.6","n/a","n/a","Basic Industries","Precious Metals","http://www.nasdaq.com/symbol/aumn",
"GSS","Golden Star Resources, Ltd","1.63","422342731.1","n/a","n/a","Basic Industries","Precious Metals","http://www.nasdaq.com/symbol/gss",
"GV","Goldfield Corporation (The)","3.8","96715145.2","n/a","n/a","Basic Industries","Water Supply","http://www.nasdaq.com/symbol/gv",
"GRC","Gorman-Rupp Company (The)","29.26","614369089.18","n/a","n/a","Capital Goods","Fluid Controls","http://www.nasdaq.com/symbol/grc",
"GHM","Graham Corporation","23.5","235053862","n/a","n/a","Technology","Industrial Machinery/Components","http://www.nasdaq.com/symbol/ghm",
"GTE","Gran Tierra Energy Inc.","6.11","1640431020.02","n/a","n/a","Energy","Oil & Gas Production","http://www.nasdaq.com/symbol/gte",
"GPL","Great Panther Silver Limited","1.33","183353869.16","n/a","n/a","Basic Industries","Precious Metals","http://www.nasdaq.com/symbol/gpl",
"GRH","GreenHunter Energy Inc","1.9","61328452.7","n/a","n/a","Basic Industries","Major Chemicals","http://www.nasdaq.com/symbol/grh",
"GRH^C","GreenHunter Energy Inc","19.7","0","n/a","n/a","n/a","n/a","http://www.nasdaq.com/symbol/grh^c",
"SIM","Grupo Simec, S.A. de C.V.","13.9","2306052686.9","n/a","1993","Basic Industries","Steel/Iron Ore","http://www.nasdaq.com/symbol/sim",
"GVP","GSE Systems, Inc.","2.36","43302072.96","n/a","n/a","Technology","Computer Software: Prepackaged Software","http://www.nasdaq.com/symbol/gvp",
"HWG","Hallwood Group Incorporated","9.6","14641593.6","n/a","n/a","Basic Industries","Textiles","http://www.nasdaq.com/symbol/hwg",
"HEB","Hemispherx BioPharma, Inc.","0.223","33675394.128","n/a","n/a","Health Care","Biotechnology: Biological Products (No Diagnostic Substances)","http://www.nasdaq.com/symbol/heb",
"HLM^","Hillman Group Capital Trust","32.4","0","n/a","n/a","n/a","n/a","http://www.nasdaq.com/symbol/hlm^",
"HMG","HMG/Courtland Properties, Inc.","5.55","5507409.3","n/a","n/a","Consumer Services","Real Estate Investment Trusts","http://www.nasdaq.com/symbol/hmg",
"HH","Hooper Holmes, Inc.","0.52","36314401.24","n/a","n/a","Health Care","Hospital/Nursing Management","http://www.nasdaq.com/symbol/hh",
"HUSA","Houston American Energy Corporation","0.23","12001410.35","n/a","n/a","Energy","Oil & Gas Production","http://www.nasdaq.com/symbol/husa",
"IBIO","iBio, Inc.","0.6555","31311330.7725","n/a","n/a","Consumer Durables","Major Pharmaceuticals","http://www.nasdaq.com/symbol/ibio",
"IBO","IBO (Listing Market - NYSE Amex Network B F)","2","0","n/a","n/a","n/a","n/a","http://www.nasdaq.com/symbol/ibo",
"IEC","IEC Electronics Corp.","6.18","62066296.2","n/a","n/a","Technology","Electrical Products","http://www.nasdaq.com/symbol/iec",
"IG","IGI Laboratories, Inc.","1.14","46001383.74","n/a","n/a","Health Care","Biotechnology: Biological Products (No Diagnostic Substances)","http://www.nasdaq.com/symbol/ig",
"IMUC","ImmunoCellular Therapeutics, Ltd.","2.52","128751829.92","n/a","n/a","Consumer Durables","Major Pharmaceuticals","http://www.nasdaq.com/symbol/imuc",
"IMH","Impac Mortgage Holdings, Inc.","14.01","111034615.83","n/a","1995","Consumer Services","Real Estate Investment Trusts","http://www.nasdaq.com/symbol/imh",
"IMO","Imperial Oil Limited","42.04","35633062422.44","n/a","n/a","Energy","Integrated oil Companies","http://www.nasdaq.com/symbol/imo",
"IOT","Income Opportunity Realty Trust","3.64","15172298.96","n/a","n/a","Consumer Services","Real Estate Investment Trusts","http://www.nasdaq.com/symbol/iot",
"IGC","India Globalization Capital Inc.","0.259","15555989.883","n/a","1987","Basic Industries","Precious Metals","http://www.nasdaq.com/symbol/igc",
"IGC/U","India Globalization Capital Inc.","0.26","0","n/a","n/a","n/a","n/a","http://www.nasdaq.com/symbol/igc/u",
"IGC/WS","India Globalization Capital Inc.","0.0187","0","n/a","n/a","n/a","n/a","http://www.nasdaq.com/symbol/igc/ws",
"INFU","InfuSystems Holdings, Inc.","1.65","36268329.9","n/a","1992","Health Care","Medical/Dental Instruments","http://www.nasdaq.com/symbol/infu",
"INV","Innovaro Inc","0.18","2880598.5","n/a","1997","Consumer Services","Professional Services","http://www.nasdaq.com/symbol/inv",
"IHT","InnSuites Hospitality Trust","1.85","15518007.2","n/a","n/a","Consumer Services","Real Estate Investment Trusts","http://www.nasdaq.com/symbol/iht",
"INO","Inovio Pharmaceuticals, Inc.","0.6827","95143652.606","n/a","n/a","Health Care","Medical/Dental Instruments","http://www.nasdaq.com/symbol/ino",
"IFMI","Institutional Financial Markets, Inc.","1.69","19920961.19","n/a","n/a","Finance","Investment Bankers/Brokers/Service","http://www.nasdaq.com/symbol/ifmi",
"IDN","Intellicheck Mobilisa, Inc.","0.76","21070442.92","n/a","1999","Technology","Computer Software: Prepackaged Software","http://www.nasdaq.com/symbol/idn",
"INS","Intelligent Systems Corporation","1.32","11824596.96","n/a","1992","Capital Goods","Metal Fabrications","http://www.nasdaq.com/symbol/ins",
"THM","International Tower Hill Mines Ltd","1.67","163774625.46","n/a","1984","Basic Industries","Precious Metals","http://www.nasdaq.com/symbol/thm",
"INUV","Inuvo, Inc","0.74","17387871.02","n/a","n/a","Consumer Services","Advertising","http://www.nasdaq.com/symbol/inuv",
"VKI","Invesco Advantage Municipal Income Trust II","13.29","589479106.23","n/a","n/a","n/a","n/a","http://www.nasdaq.com/symbol/vki",
"ICH","Investors Capital Holdings, Ltd.","3.455","23072016.665","n/a","1997","Finance","Finance/Investors Services","http://www.nasdaq.com/symbol/ich",
"IPT","iParty Corporation","0.16","3908992.64","n/a","n/a","Consumer Services","Other Specialty Stores","http://www.nasdaq.com/symbol/ipt",
"ISR","IsoRay, Inc.","0.68","23535831.56","n/a","n/a","Health Care","Medical/Dental Instruments","http://www.nasdaq.com/symbol/isr",
"ITI","Iteris, Inc.","1.73","57584850.93","n/a","n/a","Consumer Durables","Telecommunications Equipment","http://www.nasdaq.com/symbol/iti",
"KGN","Keegan Resources Inc","3.14","267007821.32","n/a","n/a","Basic Industries","Mining & Quarrying of Nonmetallic Minerals (No Fuels)","http://www.nasdaq.com/symbol/kgn",
"KBX","Kimber Resources Inc","0.26","21572947.76","n/a","n/a","Basic Industries","Mining & Quarrying of Nonmetallic Minerals (No Fuels)","http://www.nasdaq.com/symbol/kbx",
"KXM","Kobex Minerals Inc.","0.46","21197909.98","n/a","n/a","Basic Industries","Precious Metals","http://www.nasdaq.com/symbol/kxm",
"LTS","Ladenburg Thalmann Financial Services Inc","1.3","238670426.8","n/a","n/a","Finance","Investment Bankers/Brokers/Service","http://www.nasdaq.com/symbol/lts",
"LSG","Lake Shore Gold Corp","0.6298","262355927.0752","n/a","n/a","Basic Industries","Precious Metals","http://www.nasdaq.com/symbol/lsg",
"LCI","Lannett Co Inc","7.65","217179912.15","n/a","n/a","Consumer Durables","Major Pharmaceuticals","http://www.nasdaq.com/symbol/lci",
"LAQ","Latin America Equity Fund, Inc. (The)","37.25","277457258.25","n/a","1991","n/a","n/a","http://www.nasdaq.com/symbol/laq",
"LGL","LGL Group, Inc. (The)","5.29","13669121.95","n/a","n/a","Capital Goods","Industrial Machinery/Components","http://www.nasdaq.com/symbol/lgl",
"LBY","Libbey, Inc.","19.02","393484504.68","n/a","1993","Capital Goods","Industrial Machinery/Components","http://www.nasdaq.com/symbol/lby",
"LON","Loncor Resources Inc.","0.58","42595044.56","n/a","n/a","Basic Industries","Precious Metals","http://www.nasdaq.com/symbol/lon",
"LPH","Longwei Petroleum Investment Holding Limited","2.57","260814571.33","n/a","1973","Energy","Oil Refining/Marketing","http://www.nasdaq.com/symbol/lph",
"LEI","Lucas Energy, Inc.","1.37","36598874.59","n/a","n/a","Energy","Oil & Gas Production","http://www.nasdaq.com/symbol/lei",
"MCZ","Mad Catz Interactive Inc","0.425","26977894.575","n/a","n/a","Consumer Non-Durables","Recreational Products/Toys","http://www.nasdaq.com/symbol/mcz",
"MVG","Mag Silver Corporation","9.73","585053564.55","n/a","n/a","Basic Industries","Precious Metals","http://www.nasdaq.com/symbol/mvg",
"MHR^C","Magnum Hunter Resources Corporation","25.81","0","n/a","n/a","n/a","n/a","http://www.nasdaq.com/symbol/mhr^c",
"MHR^D","Magnum Hunter Resources Corporation","45.85","0","n/a","n/a","n/a","n/a","http://www.nasdaq.com/symbol/mhr^d",
"MHR^E","Magnum Hunter Resources Corporation","24.35","0","n/a","n/a","n/a","n/a","http://www.nasdaq.com/symbol/mhr^e",
"MHE","Massachusetts Health and Education Tax-Exempt Trust","15.19","35828728.95","n/a","1993","n/a","n/a","http://www.nasdaq.com/symbol/mhe",
"MHH","Mastech Holdings, Inc","7.2","22972780.8","n/a","n/a","Consumer Services","Professional Services","http://www.nasdaq.com/symbol/mhh",
"MDGN","Medgenics, Inc.","5.1","62525770.5","n/a","n/a","Health Care","Biotechnology: Biological Products (No Diagnostic Substances)","http://www.nasdaq.com/symbol/mdgn",
"MDGN/WS","Medgenics, Inc.","1.5","0","n/a","n/a","n/a","n/a","http://www.nasdaq.com/symbol/mdgn/ws",
"MEET","MeetMe, Inc.","2.72","100625053.6","n/a","n/a","Consumer Services","Advertising","http://www.nasdaq.com/symbol/meet",
"IPB","Merrill Lynch & Co., Inc.","27.05","0","n/a","n/a","Finance","Finance: Consumer Services","http://www.nasdaq.com/symbol/ipb",
"MEA","Metalico Inc","1.75","83244285.25","n/a","n/a","Basic Industries","Metal Fabrications","http://www.nasdaq.com/symbol/mea",
"MXC","Mexco Energy Corporation","5.93","12095415.07","n/a","1972","Energy","Oil & Gas Production","http://www.nasdaq.com/symbol/mxc",
"CCA","MFS California Insured Municipal Trust","12.2701","34187418.8838","n/a","1984","n/a","n/a","http://www.nasdaq.com/symbol/cca",
"MGT","MGT Capital Investments Inc","3.15","10241239.05","n/a","n/a","Miscellaneous","Multi-Sector Companies","http://www.nasdaq.com/symbol/mgt",
"BKR","Michael Baker Corporation","24.43","235668392.4","n/a","n/a","Consumer Services","Other Consumer Services","http://www.nasdaq.com/symbol/bkr",
"MSL","MidSouth Bancorp","15.74","164940671.98","n/a","n/a","Finance","Major Banks","http://www.nasdaq.com/symbol/msl",
"MDW","Midway Gold Corporation","1.11","142580940.78","n/a","n/a","Basic Industries","Precious Metals","http://www.nasdaq.com/symbol/mdw",
"MGH","Minco Gold Corporation","0.3598","18126621.457","n/a","n/a","Basic Industries","Precious Metals","http://www.nasdaq.com/symbol/mgh",
"MGN","Mines Management, Inc.","1.03","29869744.56","n/a","1985","Basic Industries","Precious Metals","http://www.nasdaq.com/symbol/mgn",
"MXA","Minnesota Municipal Income Portfolio Inc.","18.4","76300071.2","n/a","1993","n/a","n/a","http://www.nasdaq.com/symbol/mxa",
"MDM","Mountain Province Diamonds Inc.","3.96","372905877.96","n/a","n/a","Basic Industries","Precious Metals","http://www.nasdaq.com/symbol/mdm",
"MVF","MuniVest Fund, Inc.","11.34","721464226.56","n/a","1993","n/a","n/a","http://www.nasdaq.com/symbol/mvf",
"MZA","MuniYield Arizona Fund, Inc.","16.12","73636949.88","n/a","1993","n/a","n/a","http://www.nasdaq.com/symbol/mza",
"NHC","National HealthCare Corporation","47.85","677466376.95","n/a","n/a","Health Care","Hospital/Nursing Management","http://www.nasdaq.com/symbol/nhc",
"NHC^A","National HealthCare Corporation","15.5","0","n/a","n/a","n/a","n/a","http://www.nasdaq.com/symbol/nhc^a",
"NAVB","Navidea Biopharmaceuticals, Inc.","3.03","325393614.96","n/a","n/a","Health Care","Biotechnology: In Vitro & In Vivo Diagnostic Substances","http://www.nasdaq.com/symbol/navb",
"NBS","Neostem, Inc.","0.61","98074919.77","n/a","n/a","Health Care","Hospital/Nursing Management","http://www.nasdaq.com/symbol/nbs",
"NBW","Neuberger Berman California Intermediate Municipal Fund Inc.","16.03","88517660","n/a","2002","n/a","n/a","http://www.nasdaq.com/symbol/nbw",
"NHS","Neuberger Berman High Yield Strategies Fund","13.93","272200349.05","n/a","n/a","n/a","n/a","http://www.nasdaq.com/symbol/nhs",
"NBH","Neuberger Berman Intermediate Municipal Fund Inc.","16.13","302340720","n/a","2002","n/a","n/a","http://www.nasdaq.com/symbol/nbh",
"NBO","Neuberger Berman New York Intermediate Municipal Fund Inc.","15.3","77525100","n/a","2002","n/a","n/a","http://www.nasdaq.com/symbol/nbo",
"NRO","Neuberger Berman Real Estate Securities Income Fund, Inc.","4.98","277823473.08","n/a","2003","n/a","n/a","http://www.nasdaq.com/symbol/nro",
"CUR","Neuralstem, Inc.","1.15","78187711.1","n/a","1973","Health Care","Biotechnology: Biological Products (No Diagnostic Substances)","http://www.nasdaq.com/symbol/cur",
"UWN","Nevada Gold & Casinos, Inc.","0.97","15539103.18","n/a","n/a","Consumer Services","Services-Misc. Amusement & Recreation","http://www.nasdaq.com/symbol/uwn",
"NSU","Nevsun Resources Ltd","3.84","764190009.6","n/a","n/a","Basic Industries","Precious Metals","http://www.nasdaq.com/symbol/nsu",
"GBR","New Concept Energy, Inc","1.4101","2745373.0435","n/a","n/a","Energy","Oil & Gas Production","http://www.nasdaq.com/symbol/gbr",
"NEWN","New Energy Systems Group.","0.3919","5765527.3789","n/a","n/a","Energy","Industrial Machinery/Components","http://www.nasdaq.com/symbol/newn",
"NEN","New England Realty Associates Limited Partnership","34","4401912","n/a","n/a","Consumer Services","Building operators","http://www.nasdaq.com/symbol/nen",
"NGD","NEW GOLD INC.","8.9","4236999468.4","n/a","n/a","Basic Industries","Precious Metals","http://www.nasdaq.com/symbol/ngd",
"PAL","North American Palladium, Ltd.","1.36","240893854.24","n/a","2000","Basic Industries","Precious Metals","http://www.nasdaq.com/symbol/pal",
"NAK","Northern Dynasty Minerals, Ltd.","3.21","304949245.65","n/a","n/a","Basic Industries","Precious Metals","http://www.nasdaq.com/symbol/nak",
"NOG","Northern Oil and Gas, Inc.","14.13","896908136.76","n/a","n/a","Energy","Oil & Gas Production","http://www.nasdaq.com/symbol/nog",
"NBY","NovaBay Pharmaceuticals, Inc.","1.31","39091695.59","n/a","2007","Consumer Durables","Major Pharmaceuticals","http://www.nasdaq.com/symbol/nby",
"NCQ","NovaCopper Inc.","1.92","101313621.12","n/a","n/a","Basic Industries","Precious Metals","http://www.nasdaq.com/symbol/ncq",
"NG","Novagold Resources Inc.","3.99","1263335932.53","n/a","n/a","Basic Industries","Precious Metals","http://www.nasdaq.com/symbol/ng",
"NTN","NTN Buzztime, Inc.","0.1945","13825845.78","n/a","n/a","Consumer Services","Broadcasting","http://www.nasdaq.com/symbol/ntn",
"NLP","NTS Realty Holdings Limited Partnership","7.32","81217405.68","n/a","n/a","Consumer Services","Real Estate Investment Trusts","http://www.nasdaq.com/symbol/nlp",
"NTS","NTS, Inc.","1.01","41598461.96","n/a","n/a","Consumer Services","Telecommunications Equipment","http://www.nasdaq.com/symbol/nts",
"NEA","Nuveen AMT-Free Municipal Income Fund","15.1","335899892.6","n/a","2002","n/a","n/a","http://www.nasdaq.com/symbol/nea",
"NFZ","Nuveen Arizona Dividend Advantage Municipal Fund","15.41","23859487.92","n/a","2001","n/a","n/a","http://www.nasdaq.com/symbol/nfz",
"NFZ^C","Nuveen Arizona Dividend Advantage Municipal Fund","10.11","0","n/a","n/a","n/a","n/a","http://www.nasdaq.com/symbol/nfz^c",
"NKR","Nuveen Arizona Dividend Advantage Municipal Fund 2","15.78","38505440.76","n/a","2002","n/a","n/a","http://www.nasdaq.com/symbol/nkr",
"NXE","Nuveen Arizona Dividend Advantage Municipal Fund 3","15.24","46726297.2","n/a","2002","n/a","n/a","http://www.nasdaq.com/symbol/nxe",
"NKX","Nuveen California AMT-Free Municipal Income Fund","15.31","640433084.61","n/a","2002","n/a","n/a","http://www.nasdaq.com/symbol/nkx",
"NVX","Nuveen California Dividend Advantage Municipal Fund 2","16.56","244311998.4","n/a","2001","n/a","n/a","http://www.nasdaq.com/symbol/nvx",
"NZH","Nuveen California Dividend Advantage Municipal Fund 3","14.34","346338016.56","n/a","n/a","n/a","n/a","http://www.nasdaq.com/symbol/nzh",
"NCB","Nuveen California Municipal Value Fund 2","16.82","55302478","n/a","n/a","n/a","n/a","http://www.nasdaq.com/symbol/ncb",
"NCU","Nuveen California Premium Income Municipal Fund","15.71","90042634.79","n/a","1993","n/a","n/a","http://www.nasdaq.com/symbol/ncu",
"CFD","Nuveen Diversified Commodity Fund","20.95","193143078","n/a","1998","Finance","Investment Bankers/Brokers/Service","http://www.nasdaq.com/symbol/cfd",
"NXZ","Nuveen Dividend Advantage Municipal Fund 2","15.3","451019703.6","n/a","2001","n/a","n/a","http://www.nasdaq.com/symbol/nxz",
"NZF","Nuveen Dividend Advantage Municipal Fund 3","15.03","607212420.84","n/a","2007","n/a","n/a","http://www.nasdaq.com/symbol/nzf",
"NVG","Nuveen Dividend Advantage Municipal Income Fund","15.34","457176486","n/a","2002","n/a","n/a","http://www.nasdaq.com/symbol/nvg",
"NKG","Nuveen Georgia Dividend Advantage Municipal Fund 2","14.92","157379830.32","n/a","2002","n/a","n/a","http://www.nasdaq.com/symbol/nkg",
"NKG^E","Nuveen Georgia Dividend Advantage Municipal Fund 2","10.1","0","n/a","n/a","n/a","n/a","http://www.nasdaq.com/symbol/nkg^e",
"CTF","Nuveen Long/Short Commodity Total Return Fund","22.41","421308000","n/a","1986","Finance","Investment Bankers/Brokers/Service","http://www.nasdaq.com/symbol/ctf",
"NGX","Nuveen Massachusetts AMT-Free Municipal Income Fund","14.1829","38681264.2793","n/a","2002","n/a","n/a","http://www.nasdaq.com/symbol/ngx",
"NMB","Nuveen Massachusetts Dividend Advantage Municipal Fund","15.06","29605791.36","n/a","2001","n/a","n/a","http://www.nasdaq.com/symbol/nmb",
"NMB^C","Nuveen Massachusetts Dividend Advantage Municipal Fund","10.1","0","n/a","n/a","n/a","n/a","http://www.nasdaq.com/symbol/nmb^c",
"NUM^C","Nuveen Michigan Quality Income Municipal Fund","10.01","0","n/a","n/a","n/a","n/a","http://www.nasdaq.com/symbol/num^c",
"NOM","Nuveen Missouri Premium Income Municipal Fund","16.56","38506090.32","n/a","1993","n/a","n/a","http://www.nasdaq.com/symbol/nom",
"NMZ","Nuveen Municipal High Income Opportunity Fund","13.97","423132398.59","n/a","2003","n/a","n/a","http://www.nasdaq.com/symbol/nmz",
"NXJ","Nuveen New Jersey Dividend Advantage Municipal Fund","15.37","100991474.56","n/a","2001","n/a","n/a","http://www.nasdaq.com/symbol/nxj",
"NUJ","Nuveen New Jersey Dividend Advantage Municipal Fund 2","16.53","74814713.88","n/a","1991","n/a","n/a","http://www.nasdaq.com/symbol/nuj",
"NJV","Nuveen New Jersey Municipal Value Fund","16.33","25520197.4","n/a","n/a","n/a","n/a","http://www.nasdaq.com/symbol/njv",
"NRK","Nuveen New York AMT-Free Municipal Income Fund","15.05","52773728","n/a","2002","n/a","n/a","http://www.nasdaq.com/symbol/nrk",
"NXK","Nuveen New York Dividend Advantage Municipal Fund 2","15.14","98236132.24","n/a","2001","n/a","n/a","http://www.nasdaq.com/symbol/nxk",
"NKO","Nuveen New York Dividend Advantage Municipal Income Fund","15.18","120492783.18","n/a","2002","n/a","n/a","http://www.nasdaq.com/symbol/nko",
"NYV","Nuveen New York Municipal Value Fund 2","16.34","38392660.08","n/a","2009","n/a","n/a","http://www.nasdaq.com/symbol/nyv",
"NXI","Nuveen Ohio Dividend Advantage Municipal Fund","16.07","68281783.54","n/a","2001","n/a","n/a","http://www.nasdaq.com/symbol/nxi",
"NXI^D","Nuveen Ohio Dividend Advantage Municipal Fund","10.18","0","n/a","n/a","n/a","n/a","http://www.nasdaq.com/symbol/nxi^d",
"NBJ","Nuveen Ohio Dividend Advantage Municipal Fund 2","15.79","49320191.32","n/a","n/a","n/a","n/a","http://www.nasdaq.com/symbol/nbj",
"NBJ^A","Nuveen Ohio Dividend Advantage Municipal Fund 2","10.04","0","n/a","n/a","n/a","n/a","http://www.nasdaq.com/symbol/nbj^a",
"NVJ","Nuveen Ohio Dividend Advantage Municipal Fund 3","16.19","34949353","n/a","2002","n/a","n/a","http://www.nasdaq.com/symbol/nvj",
"NVJ^A","Nuveen Ohio Dividend Advantage Municipal Fund 3","10.05","0","n/a","n/a","n/a","n/a","http://www.nasdaq.com/symbol/nvj^a",
"NXM","Nuveen Pennsylvania Dividend Advantage Municipal Fund","15.02","49896199.68","n/a","2001","n/a","n/a","http://www.nasdaq.com/symbol/nxm",
"NVY","Nuveen Pennsylvania Dividend Advantage Municipal Fund 2","15.22","56711485.52","n/a","1993","n/a","n/a","http://www.nasdaq.com/symbol/nvy",
"NPN","Nuveen Pennsylvania Municipal Value Fund","15.9999","19509510.0648","n/a","1992","n/a","n/a","http://www.nasdaq.com/symbol/npn",
"JRS","Nuveen Real Estate Fund","11.39","325929121.25","n/a","2001","n/a","n/a","http://www.nasdaq.com/symbol/jrs",
"OBT","Orbital Corporation Limited","5.8601","17844906.9554","n/a","n/a","Miscellaneous","Multi-Sector Companies","http://www.nasdaq.com/symbol/obt",
"ORC","Orchid Island Capital, Inc.","14.74","0","n/a","n/a","Consumer Services","Real Estate Investment Trusts","http://www.nasdaq.com/symbol/orc",
"TIS","Orchids Paper Products Company","21.96","166522131","n/a","1988","Basic Industries","Paper","http://www.nasdaq.com/symbol/tis",
"ONP","Orient Paper, Inc.","2.29","42272884.75","n/a","n/a","Consumer Durables","Containers/Packaging","http://www.nasdaq.com/symbol/onp",
"OESX","Orion Energy Systems, Inc.","2.9","58436861.8","n/a","2007","Consumer Durables","Building Products","http://www.nasdaq.com/symbol/oesx",
"OFI","Overhill Farms, Inc.","4.18","67074553.92","n/a","n/a","Consumer Non-Durables","Packaged Foods","http://www.nasdaq.com/symbol/ofi",
"PHF","Pacholder High Yield Fund, Inc.","9.41","122113984.04","n/a","1988","n/a","n/a","http://www.nasdaq.com/symbol/phf",
"PBM","Pacific Booker Minerals Inc","4.21","51726329.19","n/a","n/a","Basic Industries","Precious Metals","http://www.nasdaq.com/symbol/pbm",
"PCG^A","Pacific Gas & Electric Co.","29.8601","0","n/a","n/a","n/a","n/a","http://www.nasdaq.com/symbol/pcg^a",
"PCG^B","Pacific Gas & Electric Co.","27.33","0","n/a","n/a","n/a","n/a","http://www.nasdaq.com/symbol/pcg^b",
"PCG^C","Pacific Gas & Electric Co.","25.52","0","n/a","n/a","n/a","n/a","http://www.nasdaq.com/symbol/pcg^c",
"PCG^D","Pacific Gas & Electric Co.","25.05","0","n/a","n/a","n/a","n/a","http://www.nasdaq.com/symbol/pcg^d",
"PCG^E","Pacific Gas & Electric Co.","25.16","0","n/a","n/a","n/a","n/a","http://www.nasdaq.com/symbol/pcg^e",
"PCG^G","Pacific Gas & Electric Co.","24.81","0","n/a","n/a","n/a","n/a","http://www.nasdaq.com/symbol/pcg^g",
"PCG^H","Pacific Gas & Electric Co.","24.51","0","n/a","n/a","n/a","n/a","http://www.nasdaq.com/symbol/pcg^h",
"PCG^I","Pacific Gas & Electric Co.","24.1999","0","n/a","n/a","n/a","n/a","http://www.nasdaq.com/symbol/pcg^i",
"PTN","Palatin Technologies, Inc.","0.605","23563486.76","n/a","1997","Consumer Durables","Major Pharmaceuticals","http://www.nasdaq.com/symbol/ptn",
"PZG","Paramount Gold and Silver Corp.","2.06","304032689.04","n/a","n/a","Basic Industries","Precious Metals","http://www.nasdaq.com/symbol/pzg",
"PCYG","Park City Group, Inc.","3.29","41176903.04","n/a","n/a","Technology","EDP Services","http://www.nasdaq.com/symbol/pcyg",
"PRK","Park National Corporation","67.33","1037690094.66","n/a","n/a","Finance","Major Banks","http://www.nasdaq.com/symbol/prk",
"PIP","PharmAthene, Inc","1.38","66745057.92","n/a","1973","Consumer Durables","Major Pharmaceuticals","http://www.nasdaq.com/symbol/pip",
"HNW","Pioneer Diversified High Income Trust","21.24","175813611.48","n/a","2007","n/a","n/a","http://www.nasdaq.com/symbol/hnw",
"PLG","Platinum Group Metals Ltd.","1.3","523359904.6","n/a","1989","Basic Industries","Precious Metals","http://www.nasdaq.com/symbol/plg",
"PCC","PMC Commercial Trust","7.1","75185833.4","n/a","1993","Consumer Services","Real Estate Investment Trusts","http://www.nasdaq.com/symbol/pcc",
"PLM","Polymet Mining Corp.","1.18","216203031.44","n/a","n/a","Basic Industries","Precious Metals","http://www.nasdaq.com/symbol/plm",
"PW","Power REIT","10.7856","17507725.2","n/a","n/a","Consumer Services","Real Estate Investment Trusts","http://www.nasdaq.com/symbol/pw",
"APTS","Preferred Apartment Communities, Inc.","9.12","47253273.6","n/a","n/a","Consumer Services","Real Estate Investment Trusts","http://www.nasdaq.com/symbol/apts",
"PBTH","PROLOR Biotech, Inc.","4.99","316391538.82","n/a","n/a","Consumer Durables","Major Pharmaceuticals","http://www.nasdaq.com/symbol/pbth",
"PLX","Protalix BioTherapeutics, Inc.","5.81","543032631.89","n/a","n/a","Health Care","Biotechnology: Biological Products (No Diagnostic Substances)","http://www.nasdaq.com/symbol/plx",
"PDO","Pyramid Oil Co","4.26","19971242.1","n/a","n/a","Energy","Oil & Gas Production","http://www.nasdaq.com/symbol/pdo",
"QMM","Quaterra Resources Inc","0.265","43192571.54","n/a","n/a","Basic Industries","Precious Metals","http://www.nasdaq.com/symbol/qmm",
"QRM","Quest Rare Minerals Ltd","0.7151","44450390.0284","n/a","n/a","Basic Industries","Precious Metals","http://www.nasdaq.com/symbol/qrm",
"RLGT","Radiant Logistics, Inc.","2.15","71039074.5","n/a","n/a","Transportation","Oil Refining/Marketing","http://www.nasdaq.com/symbol/rlgt",
"REE","Rare Element Resources Ltd.","2.38","106980688.22","n/a","1992","Basic Industries","Precious Metals","http://www.nasdaq.com/symbol/ree",
"UTG","Reaves Utility Income Fund","25.15","729709494.1","n/a","2004","n/a","n/a","http://www.nasdaq.com/symbol/utg",
"REED","Reeds, Inc.","4.58","54881430.1","n/a","1986","Consumer Non-Durables","Beverages (Production/Distribution)","http://www.nasdaq.com/symbol/reed",
"RWC","RELM Wireless Corporation","2.17","29393695.94","n/a","n/a","Technology","Radio And Television Broadcasting And Communications Equipment","http://www.nasdaq.com/symbol/rwc",
"RCG","Renaissance Capital Growth & Income Fund III, Inc.","1.53","6829869.51","n/a","n/a","n/a","n/a","http://www.nasdaq.com/symbol/rcg",
"RTK","Rentech, Inc.","2.56","565376286.72","n/a","1991","Basic Industries","Agricultural Chemicals","http://www.nasdaq.com/symbol/rtk",
"RVP","Retractable Technologies, Inc.","0.95","25909505.8","n/a","n/a","Health Care","Medical/Dental Instruments","http://www.nasdaq.com/symbol/rvp",
"RVM","Revett Minerals Inc.","2.02","69674621.74","n/a","n/a","Basic Industries","Precious Metals","http://www.nasdaq.com/symbol/rvm",
"RNN","Rexahn Pharmaceuticals, Inc.","0.345","32894251.32","n/a","n/a","Consumer Durables","Major Pharmaceuticals","http://www.nasdaq.com/symbol/rnn",
"RIC","Richmont Mines, Inc.","2.56","101366023.68","n/a","n/a","Basic Industries","Precious Metals","http://www.nasdaq.com/symbol/ric",
"RIF","RMR Real Estate Income Fund.","20.63","157850589.41","n/a","2002","n/a","n/a","http://www.nasdaq.com/symbol/rif",
"RPI","Roberts Realty Investors, Inc.","1.27","13515248.56","n/a","n/a","Consumer Services","Real Estate Investment Trusts","http://www.nasdaq.com/symbol/rpi",
"RBY","Rubicon Minerals Corp","2.09","602444552.38","n/a","n/a","Basic Industries","Precious Metals","http://www.nasdaq.com/symbol/rby",
"BQY","S&P Quality Rankings Glbl Equ Mngd Tr","12.51","75473180.28","n/a","2004","n/a","n/a","http://www.nasdaq.com/symbol/bqy",
"SGA","Saga Communications, Inc.","45","246031425","n/a","1992","Consumer Services","Broadcasting","http://www.nasdaq.com/symbol/sga",
"SSN","Samson Oil & Gas Limited","0.7089","62437637.1399","n/a","n/a","Energy","Oil & Gas Production","http://www.nasdaq.com/symbol/ssn",
"SDO^A","San Diego Gas & Electric Company","24.86","0","n/a","n/a","n/a","n/a","http://www.nasdaq.com/symbol/sdo^a",
"SDO^B","San Diego Gas & Electric Company","20.8","0","n/a","n/a","n/a","n/a","http://www.nasdaq.com/symbol/sdo^b",
"SDO^C","San Diego Gas & Electric Company","19.926","0","n/a","n/a","n/a","n/a","http://www.nasdaq.com/symbol/sdo^c",
"SDO^H","San Diego Gas & Electric Company","30.7","0","n/a","n/a","n/a","n/a","http://www.nasdaq.com/symbol/sdo^h",
"SAND          ","Sandstorm Gold Ltd","9.44","812911326.72","n/a","n/a","Basic Industries","Precious Metals","http://www.nasdaq.com/symbol/sand          ",
"SARA","Saratoga Resources Inc","3.03","93642456.03","n/a","n/a","Energy","Oil & Gas Production","http://www.nasdaq.com/symbol/sara",
"SEB","Seaboard Corporation","2783.01","3338866153.32","n/a","1996","Finance","Investment Bankers/Brokers/Service","http://www.nasdaq.com/symbol/seb",
"SED","SED International Holdings Inc","2.47","12733850.35","n/a","n/a","Technology","Retail: Computer Software & Peripheral Equipment","http://www.nasdaq.com/symbol/sed",
"SVT","Servotronics, Inc.","8.5","20215006","n/a","n/a","Capital Goods","Industrial Machinery/Components","http://www.nasdaq.com/symbol/svt",
"SIF","SIFCO Industries, Inc.","16.89","90185354.19","n/a","n/a","Capital Goods","Aerospace","http://www.nasdaq.com/symbol/sif",
"SVBL","Silver Bull Resources, Inc.","0.345","54880066.665","n/a","n/a","Basic Industries","Precious Metals","http://www.nasdaq.com/symbol/svbl",
"SVLC","SilverCrest Mines, Inc.","2.34","251788981.86","n/a","n/a","Basic Industries","Precious Metals","http://www.nasdaq.com/symbol/svlc",
"WWZ^K","SiM Internal Test 10","n/a","0","n/a","n/a","n/a","n/a","http://www.nasdaq.com/symbol/wwz^k",
"MMZ^K","SiM Internal Test 6","n/a","0","n/a","n/a","n/a","n/a","http://www.nasdaq.com/symbol/mmz^k",
"OOZ^K","SiM Internal Test 7","n/a","0","n/a","n/a","n/a","n/a","http://www.nasdaq.com/symbol/ooz^k",
"QQZ^K","SiM Internal Test 8","n/a","0","n/a","n/a","n/a","n/a","http://www.nasdaq.com/symbol/qqz^k",
"SS^K","SiM Internal Test 9","n/a","0","n/a","n/a","n/a","n/a","http://www.nasdaq.com/symbol/ss^k",
"SLI","SL Industries, Inc.","19.4","80044400","n/a","n/a","Capital Goods","Industrial Machinery/Components","http://www.nasdaq.com/symbol/sli",
"ZXX","SM Listed Test 3","n/a","0","n/a","n/a","n/a","n/a","http://www.nasdaq.com/symbol/zxx",
"ZXX^F","SM Listed Test 3","n/a","0","n/a","n/a","n/a","n/a","http://www.nasdaq.com/symbol/zxx^f",
"XPL","Solitario Exploration & Royalty Corp","1.59","55009958.22","n/a","n/a","Basic Industries","Precious Metals","http://www.nasdaq.com/symbol/xpl",
"SOQ","Sonde Resources Corp","1.42","88468053.32","n/a","n/a","Energy","Oil & Gas Production","http://www.nasdaq.com/symbol/soq",
"SCE^B","Southern California Edison Company","22.74","0","n/a","n/a","n/a","n/a","http://www.nasdaq.com/symbol/sce^b",
"SCE^C","Southern California Edison Company","23.2","0","n/a","n/a","n/a","n/a","http://www.nasdaq.com/symbol/sce^c",
"SCE^D","Southern California Edison Company","24.36","0","n/a","n/a","n/a","n/a","http://www.nasdaq.com/symbol/sce^d",
"SCE^E","Southern California Edison Company","24.65","0","n/a","n/a","n/a","n/a","http://www.nasdaq.com/symbol/sce^e",
"SSE","Southern Connecticut Bancorp Inc","3.68","10341804.64","n/a","n/a","Finance","Major Banks","http://www.nasdaq.com/symbol/sse",
"SGB","Southwest Georgia Financial Corporation","9.9","25223586.3","n/a","n/a","Finance","Major Banks","http://www.nasdaq.com/symbol/sgb",
"LOV","Spark Networks, Inc.","7.36","152875781.76","n/a","n/a","Miscellaneous","Business Services","http://www.nasdaq.com/symbol/lov",
"SILU","Sprott Resource Lending Corp.","1.44","211646763.36","n/a","n/a","Finance","Commercial Banks","http://www.nasdaq.com/symbol/silu",
"SSY","SunLink Health Systems, Inc.","0.76","7178989.64","n/a","n/a","Health Care","Hospital/Nursing Management","http://www.nasdaq.com/symbol/ssy",
"STS","Supreme Industries, Inc.","3.84","58498997.76","n/a","n/a","Capital Goods","Construction/Ag Equipment/Trucks","http://www.nasdaq.com/symbol/sts",
"SYRG","Synergy Resources Corporation","6.46","356570139.36","n/a","n/a","Energy","Oil & Gas Production","http://www.nasdaq.com/symbol/syrg",
"SYN","Synthetic Biologics, Inc","1.69","73849194.12","n/a","n/a","Consumer Durables","Major Pharmaceuticals","http://www.nasdaq.com/symbol/syn",
"TTTM","T3 Motion Inc","0.235","3594742.595","n/a","n/a","Capital Goods","Auto Manufacturing","http://www.nasdaq.com/symbol/tttm",
"TTTM/WS/W","T3 Motion Inc","n/a","0","n/a","n/a","n/a","n/a","http://www.nasdaq.com/symbol/tttm/ws/w",
"TTTM/WS/Z","T3 Motion Inc","n/a","0","n/a","n/a","n/a","n/a","http://www.nasdaq.com/symbol/tttm/ws/z",
"TRX","Tanzanian Royalty Exploration Corporation","3.32","334261829.68","n/a","2005","Basic Industries","Precious Metals","http://www.nasdaq.com/symbol/trx",
"TGB","Taseko Mines Limited","2.93","559263618.15","n/a","n/a","Basic Industries","Precious Metals","http://www.nasdaq.com/symbol/tgb",
"TAS","Tasman Metals Ltd","0.92","55955303.44","n/a","n/a","Basic Industries","Precious Metals","http://www.nasdaq.com/symbol/tas",
"TSH","Teche Holding Company","39.63","80640946.98","n/a","n/a","Finance","Savings Institutions","http://www.nasdaq.com/symbol/tsh",
"TIK","Tel-Instrument Electronics Corp.","3.6","10842260.4","n/a","n/a","Capital Goods","Electrical Products","http://www.nasdaq.com/symbol/tik",
"TGC","Tengasco, Inc.","0.67","40764416.71","n/a","n/a","Energy","Oil & Gas Production","http://www.nasdaq.com/symbol/tgc",
"TF","Thai Capital Fund Inc","13.28","47340729.92","n/a","n/a","n/a","n/a","http://www.nasdaq.com/symbol/tf",
"TPI","Tianyin Pharmaceutical Co., Inc.","0.75","21999593.25","n/a","1986","Consumer Durables","Major Pharmaceuticals","http://www.nasdaq.com/symbol/tpi",
"IDI","Tiger Media, Inc.","1.02","30746615.82","n/a","n/a","Consumer Services","Advertising","http://www.nasdaq.com/symbol/idi",
"IDI/WS","Tiger Media, Inc.","0.15","0","n/a","n/a","n/a","n/a","http://www.nasdaq.com/symbol/idi/ws",
"TLR","Timberline Resources Corporation","0.16","8903324.48","n/a","1983","Basic Industries","Precious Metals","http://www.nasdaq.com/symbol/tlr",
"TGD","Timmons Gold Corp","2.23","321307420.35","n/a","n/a","Basic Industries","Precious Metals","http://www.nasdaq.com/symbol/tgd",
"TOF","Tofutti Brands Inc.","1.4422","7432674.7932","n/a","n/a","Consumer Non-Durables","Specialty Foods","http://www.nasdaq.com/symbol/tof",
"TMP","Tompkins Financial Corporation","41","588889437","n/a","n/a","Finance","Major Banks","http://www.nasdaq.com/symbol/tmp",
"TAT","Transatlantic Petroleum Ltd","0.99","365061106.08","n/a","n/a","Energy","Oil & Gas Production","http://www.nasdaq.com/symbol/tat",
"TA","TravelCenters of America LLC","7.15","205965116.5","n/a","n/a","Consumer Durables","Automotive Aftermarket","http://www.nasdaq.com/symbol/ta",
"TANN","TravelCenters of America LLC","25.45","0","n/a","1999","Consumer Durables","Automotive Aftermarket","http://www.nasdaq.com/symbol/tann",
"TPLM","Triangle Petroleum Corporation","6.64","294543833.04","n/a","n/a","Energy","Oil & Gas Production","http://www.nasdaq.com/symbol/tplm",
"TRT","Trio-Tech International","2.0811","6912488.1105","n/a","1984","Technology","Industrial Machinery/Components","http://www.nasdaq.com/symbol/trt",
"TCX","Tucows Inc.","1.69","74901026.46","n/a","n/a","Technology","EDP Services","http://www.nasdaq.com/symbol/tcx",
"TWO/WS","Two Harbors Investments Corp","1.47","0","n/a","n/a","n/a","n/a","http://www.nasdaq.com/symbol/two/ws",
"HTM","U.S. Geothermal Inc.","0.32","32485364.48","n/a","n/a","Public Utilities","Electric Utilities: Central","http://www.nasdaq.com/symbol/htm",
"UAMY","United States Antimony Corporation","1.85","114305620.7","n/a","n/a","Capital Goods","Metal Fabrications","http://www.nasdaq.com/symbol/uamy",
"UVE","UNIVERSAL INSURANCE HOLDINGS INC","4.45","181876074.6","n/a","n/a","Finance","Property-Casualty Insurers","http://www.nasdaq.com/symbol/uve",
"UPG","Universal Power Group Inc","1.87","9387400","n/a","2006","Consumer Non-Durables","Telecommunications Equipment","http://www.nasdaq.com/symbol/upg",
"UUU","Universal Security Instruments, Inc.","4.4","10123339.6","n/a","n/a","Consumer Non-Durables","Electronic Components","http://www.nasdaq.com/symbol/uuu",
"UQM","UQM TECHNOLOGIES INC","0.75","27767214","n/a","n/a","Capital Goods","Industrial Machinery/Components","http://www.nasdaq.com/symbol/uqm",
"URG","Ur Energy Inc","0.75","90850707","n/a","n/a","Basic Industries","Precious Metals","http://www.nasdaq.com/symbol/urg",
"URZ","Uranerz Energy Corporation","1.39","107256672.86","n/a","n/a","Basic Industries","Precious Metals","http://www.nasdaq.com/symbol/urz",
"UEC","Uranium Energy Corp.","2.52","214812750.6","n/a","n/a","Basic Industries","Precious Metals","http://www.nasdaq.com/symbol/uec",
"VTG","Vantage Drilling Company","1.61","485668362.48","n/a","n/a","Energy","Oil & Gas Production","http://www.nasdaq.com/symbol/vtg",
"VSR","Versar, Inc.","4.5","44286795","n/a","1986","Consumer Services","Military/Government/Technical","http://www.nasdaq.com/symbol/vsr",
"VII","Vicon Industries, Inc.","2.71","12180731.85","n/a","n/a","Consumer Durables","Telecommunications Equipment","http://www.nasdaq.com/symbol/vii",
"VHC","VirnetX Holding Corp","35.42","1810041340.8","n/a","n/a","Miscellaneous","Multi-Sector Companies","http://www.nasdaq.com/symbol/vhc",
"VGZ","Vista Gold Corporation","2.02","164758265.96","n/a","n/a","Basic Industries","Precious Metals","http://www.nasdaq.com/symbol/vgz",
"VRNG","Vringo, Inc.","3.2","257050060.8","n/a","n/a","Consumer Services","Telecommunications Equipment","http://www.nasdaq.com/symbol/vrng",
"VRNG/WS","Vringo, Inc.","1.3","0","n/a","n/a","n/a","n/a","http://www.nasdaq.com/symbol/vrng/ws",
"EAD","Wells Fargo Advantage Income Opportunities Fund","10.37","734781396.87","n/a","2003","n/a","n/a","http://www.nasdaq.com/symbol/ead",
"ERC","Wells Fargo Advantage Multi-Sector Income Fund","16.17","680029350","n/a","2003","n/a","n/a","http://www.nasdaq.com/symbol/erc",
"ERH","Wells Fargo Advantage Utilities and High Income Fund","11.66","107573107.84","n/a","2004","n/a","n/a","http://www.nasdaq.com/symbol/erh",
"WGA","Wells-Gardner Electronics Corporation","2.0078","23425002.6","n/a","n/a","Technology","Radio And Television Broadcasting And Communications Equipment","http://www.nasdaq.com/symbol/wga",
"SBI","Western Asset Intermediate Muni Fund Inc","10.63","149562101.56","n/a","1992","n/a","n/a","http://www.nasdaq.com/symbol/sbi",
"WRN","Western Copper and Gold Corporation","1.02","95658153.06","n/a","1994","Basic Industries","Precious Metals","http://www.nasdaq.com/symbol/wrn",
"WYY","WidePoint Corporation","0.72","45829337.04","n/a","n/a","Technology","EDP Services","http://www.nasdaq.com/symbol/wyy",
"WEX","Winland Electronics, Inc.","0.7","2591141","n/a","n/a","Capital Goods","Industrial Machinery/Components","http://www.nasdaq.com/symbol/wex",
"WTT","Wireless Telecom Group,  Inc.","1.33","32047662.71","n/a","n/a","Capital Goods","Electrical Products","http://www.nasdaq.com/symbol/wtt",
"WIS^/CL","Wisconsin Power & Light Co.","108.07","0","n/a","n/a","n/a","n/a","http://www.nasdaq.com/symbol/wis^/cl",
"ZBB","ZBB Energy Corporation","0.34","26386901.9","n/a","2007","Public Utilities","Electric Utilities: Central","http://www.nasdaq.com/symbol/zbb",
